system,order,num_pips,num_flat_exponents,jit,run,batch_size,run_per_sample,throughput
A3B2C,4,524,3876,2.09403142798692,0.0000458260548766,1,0.0000458260548766,21821.647154468315
A3B2C,4,524,3876,1.94883828307502,0.0002351303531322,2,0.0001175651765661,8505.920113491187
A3B2C,4,524,3876,1.9606490801088512,0.0002715974228922,4,0.000067899355723,14727.680246020724
A3B2C,4,524,3876,1.9773144931532445,0.0002728124351706,8,0.0000341015543963,29324.176498759127
A3B2C,4,524,3876,1.9639151729643345,0.0002752364440821,16,0.0000172022777551,58131.83662272112
A3B2C,4,524,3876,0.8618945141788572,0.0002037262581288,32,6.366445566527546e-6,157073.51764030405
A3B2C,4,524,3876,0.8707255308981985,0.0002273620699997,64,3.552532343746861e-6,281489.3442870948
A3B2C,4,524,3876,0.8819015419576317,0.0003016961829271,128,2.3570014291181e-6,424267.8802168406
A3B2C,4,524,3876,0.8713818360120058,0.0005329121120739,256,2.081687937788956e-6,480379.3987787333
A3B2C,4,524,3876,0.8772842630278319,0.0009134114400949,512,1.7840067189354158e-6,560536.0054903481
A3B2C,4,524,3876,0.9153621778823436,0.0017380554610863,1024,1.697319786217122e-6,589164.168190566
A3B2C,4,524,3876,0.9053521959576756,0.0021159977628849,2048,1.0332020326586643e-6,967864.9174032034
A3B2C,4,524,3876,0.9470305650029331,0.0046653331611305,4096,1.1389973537916377e-6,877965.1653018106
A3B2C,4,524,3876,0.9694436090067028,0.0087336107750888,8192,1.0661145965684682e-6,937985.4691219188
A3B2C,4,524,3876,0.9803172759711742,0.0166438782080076,16384,1.0158617070317178e-6,984385.9583229448
A3B2C,5,1827,15504,1.0493082960601896,0.00008904544916,1,0.00008904544916,11230.220178941678
A3B2C,5,1827,15504,0.8945476480294019,0.0002252623271197,2,0.0001126311635598,8878.537417120651
A3B2C,5,1827,15504,0.9012314239516854,0.0002289974039886,4,0.0000572493509971,17467.44692441523
A3B2C,5,1827,15504,0.9229415319859982,0.0002326515549793,8,0.0000290814443724,34386.187535728735
A3B2C,5,1827,15504,0.9427524749189616,0.0002875197068788,16,0.0000179699816799,55648.35945921426
A3B2C,5,1827,15504,0.946512739174068,0.0003291714640799,32,0.0000102866082524,97213.77303903773
A3B2C,5,1827,15504,0.9277565239463,0.0005134119458962,64,8.022061654628487e-6,124656.23465048168
A3B2C,5,1827,15504,0.9463650269899516,0.0009283862621523,128,7.2530176730651876e-6,137873.64722873914
A3B2C,5,1827,15504,0.9723875778727232,0.0017269505041185,256,6.74590040671319e-6,148238.18018493854
A3B2C,5,1827,15504,0.9642824020702392,0.0022084964700043,512,4.313469667977188e-6,231831.93043500697
A3B2C,5,1827,15504,1.0090736988931894,0.0047284637209959,1024,4.6176403525350905e-6,216560.8240691588
A3B2C,5,1827,15504,0.98740113992244,0.0080290147510822,2048,3.920417358926897e-6,255074.88321950537
A3B2C,5,1827,15504,1.04125264310278,0.016595888701966,4096,4.051730640128426e-6,246808.1145612146
A3B2C,5,1827,15504,1.0609698670450598,0.0332721726379822,8192,4.061544511472448e-6,246211.75446319705
A3B2C,5,1827,15504,1.0954940589144826,0.0665259943827986,16384,4.060424461840739e-6,246279.67085654472
A3B2C,6,5835,54264,1.4012814031448215,0.0000595939098857,1,0.0000595939098857,16780.238147109416
A3B2C,6,5835,54264,1.093533692182973,0.0003645887449383,2,0.0001822943724691,5485.632861041994
A3B2C,6,5835,54264,1.0830299691297114,0.0003957102480344,4,0.0000989275620086,10108.406390455148
A3B2C,6,5835,54264,1.0928364610299468,0.0004717074250802,8,0.000058963428135,16959.665196364378
A3B2C,6,5835,54264,1.0978055230807513,0.0005236555980518,16,0.0000327284748782,30554.433218177637
A3B2C,6,5835,54264,1.118586035212502,0.0008394294409081,32,0.0000262321700283,38121.13137869087
A3B2C,6,5835,54264,1.1083451728336513,0.0015828261610586,64,0.0000247316587665,40434.00442484206
A3B2C,6,5835,54264,1.110813878942281,0.0021617224949877,128,0.000016888456992,59212.04053563041
A3B2C,6,5835,54264,1.1144534489139917,0.0040735058980062,256,0.000015912132414,62845.128105815886
A3B2C,6,5835,54264,1.1134467988740653,0.007387218947988,512,0.0000144281620077,69308.89738139538
A3B2C,6,5835,54264,1.1328302950132638,0.0144816927229985,1024,0.0000141422780498,70709.96599546493
A3B2C,6,5835,54264,1.1579281699378043,0.0290000750219915,2048,0.0000141601928818,70620.50696237678
A3B2C,6,5835,54264,1.1944368882104754,0.0579862281410023,4096,0.0000141567939797,70637.46222706452
A3B2C,6,5835,54264,1.2914418450091034,0.1165540023420471,8192,0.000014227783489,70285.01669088299
A3B2C,6,5835,54264,1.3537312981206924,0.3560514985329937,16384,0.000021731658846,46015.81531746248
A3B2C,7,17198,170544,1.9186440829653293,0.0001153940819203,1,0.0001153940819203,8665.955682978065
A3B2C,7,17198,170544,1.6947436078917235,0.0007602415150031,2,0.0003801207575015,2630.7429422500386
A3B2C,7,17198,170544,1.658589641097933,0.0008178540121298,4,0.0002044635030324,4890.848416312506
A3B2C,7,17198,170544,1.656060301931575,0.001019830337027,8,0.0001274787921283,7844.442069963164
A3B2C,7,17198,170544,1.6678226909134537,0.0014376106890849,16,0.0000898506680678,11129.577792847256
A3B2C,7,17198,170544,1.7103702549356967,0.0020227465860079,32,0.0000632108308127,15820.07366684216
A3B2C,7,17198,170544,1.6729985310230404,0.003820558469044,64,0.0000596962260788,16751.477701115688
A3B2C,7,17198,170544,1.6972993051167578,0.0058004078879021,128,0.0000453156866242,22067.413615337144
A3B2C,7,17198,170544,1.6725243988912553,0.0112489737079013,256,0.0000439413035464,22757.63164244795
A3B2C,7,17198,170544,1.6853411209303886,0.0227905732200015,512,0.0000445128383203,22465.42880065241
A3B2C,7,17198,170544,1.723154520848766,0.0455523560519795,1024,0.000044484722707,22479.62759229222
A3B2C,7,17198,170544,1.7644295210484415,0.0916166184169706,2048,0.0000447346769614,22354.023051571603
A3B2C,7,17198,170544,1.871575147844851,0.2384650125398766,4096,0.0000582189972021,17176.52395365571
A3B2C,7,17198,170544,1.9929378980305048,0.5600009295549244,8192,0.000068359488471,14628.547146360648
A4B2,4,194,3876,0.9287830188404768,0.0000457852759864,1,0.0000457852759864,21841.082716125657
A4B2,4,194,3876,0.8430526980664581,0.0002344714049249,2,0.0001172357024624,8529.824780296058
A4B2,4,194,3876,0.8400385009590536,0.0002741054370999,4,0.0000685263592749,14592.92468737742
A4B2,4,194,3876,0.8419439808931202,0.0002653787150047,8,0.0000331723393755,30145.59777281364
A4B2,4,194,3876,0.8477928258944303,0.0002689401181414,16,0.0000168087573838,59492.79754381388
A4B2,4,194,3876,0.8634218918159604,0.0001992915109731,32,6.227859717910178e-6,160568.80618620617
A4B2,4,194,3876,0.8576070389244705,0.000227314063115,64,3.5517822361725846e-6,281548.79255142744
A4B2,4,194,3876,0.8742778969462961,0.0003111748830415,128,2.43105377376196e-6,411344.2535878338
A4B2,4,194,3876,0.8564178729429841,0.0005442540189251,256,2.1259922614262903e-6,470368.5982982449
A4B2,4,194,3876,0.8661961469333619,0.0009070742800831,512,1.7716294532874598e-6,564452.1195695783
A4B2,4,194,3876,0.8667586650699377,0.001731119649019,1024,1.6905465322452071e-6,591524.6820635599
A4B2,4,194,3876,0.9004708488937467,0.0021161024610046,2048,1.0332531547874169e-6,967817.0304795648
A4B2,4,194,3876,0.9129276149906218,0.0046268916779663,4096,1.1296122260660013e-6,885259.5403314728
A4B2,4,194,3876,0.9595409131143242,0.0086121758199296,8192,1.051290993643761e-6,951211.421049098
A4B2,4,194,3876,0.9579930619802326,0.0165575838899239,16384,1.0105947198439937e-6,989516.351475071
A4B2,5,609,15504,1.0445595250930635,0.0000885333060286,1,0.0000885333060286,11295.18420644878
A4B2,5,609,15504,0.8933933139778674,0.0002313982690684,2,0.0001156991345342,8643.10700357219
A4B2,5,609,15504,0.8942387520801276,0.0002355729450937,4,0.0000588932362734,16979.878561217516
A4B2,5,609,15504,0.9233477879315616,0.0002378981600049,8,0.0000297372700006,33627.834699655745
A4B2,5,609,15504,0.9197283431421964,0.0002821663129143,16,0.0000176353945571,56704.14669541783
A4B2,5,609,15504,0.9384169038385152,0.0003242370788939,32,0.0000101324087154,98693.21580727791
A4B2,5,609,15504,0.9109825599007308,0.0005094866889994,64,7.960729515616549e-6,125616.62822964929
A4B2,5,609,15504,0.9219133069273084,0.0009228026028722,128,7.209395334939472e-6,138707.88790755023
A4B2,5,609,15504,0.9262764521408826,0.0017037254299502,256,6.6551774607432886e-6,150258.95340863147
A4B2,5,609,15504,0.9241842878982424,0.0021928850819822,512,4.282978675746562e-6,233482.36722791783
A4B2,5,609,15504,0.9540467348415403,0.0042234589371364,1024,4.124471618297321e-6,242455.29913788656
A4B2,5,609,15504,0.9784294948913156,0.0080185678999405,2048,3.91531635739284e-6,255407.20307614875
A4B2,5,609,15504,1.003828278044239,0.0165703726620413,4096,4.045501138193685e-6,247188.1642941521
A4B2,5,609,15504,1.054887767881155,0.0331506916978396,8192,4.046715295146442e-6,247113.9991487373
A4B2,5,609,15504,1.0489403568208218,0.0663121058300603,16384,4.047369740604268e-6,247074.04168384703
A4B2,6,1810,54264,1.4130733700003475,0.000058994396124,1,0.000058994396124,16950.762541877877
A4B2,6,1810,54264,1.0756001009140164,0.0003573627390433,2,0.0001786813695216,5596.554373167628
A4B2,6,1810,54264,1.0856730649247766,0.0003870126511901,4,0.0000967531627975,10335.579438292234
A4B2,6,1810,54264,1.0926463310606778,0.0004645913620479,8,0.0000580739202559,17219.433363409138
A4B2,6,1810,54264,1.1038245409727097,0.0005408668359741,16,0.0000338041772483,29582.14284146735
A4B2,6,1810,54264,1.1022203180473298,0.0008319549090228,32,0.0000259985909069,38463.62303166514
A4B2,6,1810,54264,1.1094181698281318,0.0015726766600273,64,0.0000245730728129,40694.95124248032
A4B2,6,1810,54264,1.1134269798640162,0.0021565578989684,128,0.0000168481085856,59353.84348420507
A4B2,6,1810,54264,1.1417201349977404,0.0040490045631304,256,0.0000158164240747,63225.416521160136
A4B2,6,1810,54264,1.1553064140025526,0.0073742287780623,512,0.0000144027905821,69430.98938334407
A4B2,6,1810,54264,1.227019744925201,0.0144439459079876,1024,0.0000141054159257,70894.75455828987
A4B2,6,1810,54264,1.2010294888168571,0.028919672972057,2048,0.0000141209340683,70816.84505833915
A4B2,6,1810,54264,1.252914265030995,0.0581048923628404,4096,0.000014185764737,70493.20347109866
A4B2,6,1810,54264,1.319405643036589,0.1171376155670732,8192,0.0000142990253377,69934.83656246396
A4B2,6,1810,54264,1.3861467759124937,0.3563165864399634,16384,0.0000217478385278,45981.58105323165
A4B2,7,5056,170544,1.9251175420358777,0.0001177507790271,1,0.0001177507790271,8492.51281615461
A4B2,7,5056,170544,1.681627133861184,0.0007599258220288,2,0.0003799629110144,2631.835821370425
A4B2,7,5056,170544,1.7077861579600722,0.000823614164954,4,0.0002059035412385,4856.643037730119
A4B2,7,5056,170544,1.683553544105962,0.0010230847289785,8,0.0001278855911223,7819.489210817395
A4B2,7,5056,170544,1.6995949258562175,0.0014366455818526,16,0.0000897903488657,11137.054400965751
A4B2,7,5056,170544,1.717367306817323,0.0020149868731386,32,0.0000629683397855,15880.996758134896
A4B2,7,5056,170544,1.701557882130146,0.0038012042071204,64,0.0000593938157362,16836.76974789052
A4B2,7,5056,170544,1.7238329891115427,0.0057894162510056,128,0.0000452298144609,22109.310239657887
A4B2,7,5056,170544,1.7183128341566771,0.0112332550149876,256,0.0000438799024022,22789.476394726105
A4B2,7,5056,170544,1.7412305758334696,0.0227442216391209,512,0.0000444223078889,22511.21221573659
A4B2,7,5056,170544,1.80588868400082,0.0454967478490434,1024,0.0000444304178213,22507.10321972011
A4B2,7,5056,170544,1.7842026120051742,0.0917471107700839,2048,0.0000447983939307,22322.22881799775
A4B2,7,5056,170544,1.908819387899712,0.2384869998749345,4096,0.0000582243652038,17174.940362149686
A4B2,7,5056,170544,2.005783390952274,0.5592699751551263,8192,0.000068270260639,14647.666357786791
A4BC,4,317,3876,2.026183391921222,0.000045148539124,1,0.000045148539124,22149.11089929741
A4BC,4,317,3876,1.9331583608873188,0.0002362411031499,2,0.0001181205515749,8465.927280785385
A4BC,4,317,3876,1.9385213248897344,0.0002712915409356,4,0.0000678228852339,14744.285745898016
A4BC,4,317,3876,1.9514791541732848,0.0002730039970483,8,0.000034125499631,29303.60026407521
A4BC,4,317,3876,1.9651801220607013,0.0002751404170412,16,0.000017196276065,58152.12527500391
A4BC,4,317,3876,1.9738274281844497,0.000204186232062,32,6.380819751939271e-6,156719.67535144338
A4BC,4,317,3876,1.971204665955156,0.00022642833204,64,3.5379426881263497e-6,282650.14109925774
A4BC,4,317,3876,1.9994221639353784,0.0003056571139022,128,2.3879462023614905e-6,418769.9031959258
A4BC,4,317,3876,1.977950545027852,0.000539688845165,256,2.1081595514260698e-6,474347.3990493497
A4BC,4,317,3876,1.9962029289454224,0.000922111487016,512,1.8009989980782849e-6,555247.3938447647
A4BC,4,317,3876,2.019798615016043,0.0017141063630115,1024,1.6739319951284414e-6,597395.8338273292
A4BC,4,317,3876,2.021225083153695,0.002116122652078,2048,1.0332630137099842e-6,967807.7960126032
A4BC,4,317,3876,2.04143940214999,0.0042194844048935,4096,1.0301475597884743e-6,970734.717078139
A4BC,4,317,3876,2.075793090043589,0.0086459046830423,8192,1.0554082865041892e-6,947500.614489472
A4BC,4,317,3876,2.0717211910523474,0.0165975079969502,16384,1.013031493954486e-6,987136.1413418492
A4BC,5,1053,15504,2.149209972005337,0.0000892266768496,1,0.0000892266768496,11207.410555982631
A4BC,5,1053,15504,2.0080444561317563,0.0002322502280585,2,0.0001161251140292,8611.401662416582
A4BC,5,1053,15504,2.0262141712009907,0.0002353554870933,4,0.0000588388717733,16995.56721366693
A4BC,5,1053,15504,2.02177226706408,0.0002378165170084,8,0.000029727064626,33639.3792182026
A4BC,5,1053,15504,2.0241782758384943,0.0002818942859303,16,0.0000176183928706,56758.86599544242
A4BC,5,1053,15504,2.02582412911579,0.0003304440909996,32,0.0000103263778437,96839.37728525656
A4BC,5,1053,15504,2.0245657660998404,0.0005103187959175,64,7.973731186211807e-6,125411.80241054553
A4BC,5,1053,15504,2.0365021300967783,0.0009054883078206,128,7.074127404848696e-6,141360.1908434088
A4BC,5,1053,15504,2.060485504101962,0.0017037979487795,256,6.655460737420071e-6,150252.55792999253
A4BC,5,1053,15504,2.061047649011016,0.002200519952923,512,4.297890533052851e-6,232672.2824393776
A4BC,5,1053,15504,2.1069849289488047,0.004709363698028,1024,4.598987986355496e-6,217439.14160394616
A4BC,5,1053,15504,2.109279072843492,0.0080174737188499,2048,3.914782089282198e-6,255442.0596583849
A4BC,5,1053,15504,2.133875760948285,0.0165201518619433,4096,4.033240200669752e-6,247939.60940733008
A4BC,5,1053,15504,2.173846129095182,0.0332033118770923,8192,4.053138656871625e-6,246722.37607874983
A4BC,5,1053,15504,2.1903227609582245,0.0664947917300742,16384,4.058520003056287e-6,246395.2374872972
A4BC,6,3250,54264,2.4994101258926094,0.0000581539091654,1,0.0000581539091654,17195.748563619578
A4BC,6,3250,54264,2.185329331085086,0.0003521671479102,2,0.0001760835739551,5679.12143954398
A4BC,6,3250,54264,2.1870697250124067,0.0003909039099235,4,0.0000977259774808,10232.693760424938
A4BC,6,3250,54264,2.2092189020477235,0.000476699206978,8,0.0000595874008722,16782.0711318444
A4BC,6,3250,54264,2.2239627970848237,0.0005318933699745,16,0.0000332433356234,30081.21721984429
A4BC,6,3250,54264,2.2255278029479086,0.0008331995061598,32,0.0000260374845674,38406.167746647625
A4BC,6,3250,54264,2.206734425853938,0.0015693154251202,64,0.0000245205535175,40782.113637284965
A4BC,6,3250,54264,2.225837665842846,0.002151739110006,128,0.0000168104617969,59486.76556780246
A4BC,6,3250,54264,2.23915892187506,0.0033217538159806,256,0.0000129756008436,77067.72210764367
A4BC,6,3250,54264,2.2469790468458086,0.0073786816780921,512,0.0000144114876525,69389.08904556335
A4BC,6,3250,54264,2.284517422085628,0.0144355308380909,1024,0.000014097198084,70936.08205234676
A4BC,6,3250,54264,2.2562541489023715,0.0289909766989294,2048,0.0000141557503412,70642.67000275389
A4BC,6,3250,54264,2.3304194482043386,0.0581992727229371,4096,0.0000142088068171,70378.88633934266
A4BC,6,3250,54264,2.3887294789310545,0.1167073347410187,8192,0.0000142465008228,70192.67484925938
A4BC,6,3250,54264,2.4697647800203413,0.3540379567828495,16384,0.0000216087620106,46277.523881568406
A4BC,7,9343,170544,1.900611404096708,0.0001181878109928,1,0.0001181878109928,8461.109412211157
A4BC,7,9343,170544,1.6344333509914577,0.0007669865929055,2,0.0003834932964527,2607.6075103521
A4BC,7,9343,170544,1.632953393040225,0.000814159321133,4,0.0002035398302832,4913.04330267114
A4BC,7,9343,170544,1.6459260259289294,0.0010176869849674,8,0.0001272108731209,7860.96326097356
A4BC,7,9343,170544,1.6656305179931223,0.0014473287360742,16,0.0000904580460046,11054.848564258016
A4BC,7,9343,170544,1.6611261731013656,0.0024018114621285,32,0.0000750566081915,13323.277244934512
A4BC,7,9343,170544,1.6574372979812324,0.0037999977038707,64,0.0000593749641229,16842.115439914145
A4BC,7,9343,170544,1.6565580361057073,0.0057821938500273,128,0.0000451733894533,22136.92645385687
A4BC,7,9343,170544,1.6591941670048982,0.0112313394148368,256,0.0000438724195892,22793.3633331229
A4BC,7,9343,170544,1.675453417934477,0.0227570435509551,512,0.0000444473506854,22498.528811687884
A4BC,7,9343,170544,1.7193516918923706,0.0455139327640645,1024,0.0000444471999649,22498.60510424839
A4BC,7,9343,170544,1.7398584890179336,0.0912262486580293,2048,0.0000445440667275,22449.67901373574
A4BC,7,9343,170544,1.8461925671435893,0.2372567033439409,4096,0.0000579239998398,17264.00115263426
A4BC,7,9343,170544,1.970798067050055,0.5570441099130549,8192,0.0000679985485733,14706.196249483066
A4BCD,4,1105,12650,1.0920616048388183,0.0000502708929125,1,0.0000502708929125,19892.226735262757
A4BCD,4,1105,12650,0.9497658349573612,0.0002088500079698,2,0.0001044250039849,9576.250532336004
A4BCD,4,1105,12650,0.93223634804599,0.0002173652029596,4,0.0000543413007399,18402.20948678227
A4BCD,4,1105,12650,0.9410428400151432,0.0002203202398959,8,0.0000275400299869,36310.78108746598
A4BCD,4,1105,12650,0.9640833451412618,0.0002610445730388,16,0.0000163152858149,61292.21463501121
A4BCD,4,1105,12650,0.9636405140627176,0.0003189613190479,32,9.967541220248676e-6,100325.64480079988
A4BCD,4,1105,12650,0.9447311430703847,0.0005065554839093,64,7.914929436083185e-6,126343.51425056598
A4BCD,4,1105,12650,0.958999719005078,0.0009207662760745,128,7.193486531832605e-6,139014.64826198
A4BCD,4,1105,12650,1.0011171670630574,0.0016360240029171,256,6.390718761394965e-6,156476.92181993628
A4BCD,4,1105,12650,1.0162873319350183,0.0030784604020882,512,6.012617972828593e-6,166316.90297289204
A4BCD,4,1105,12650,1.0232759350910785,0.0041009985450655,1024,4.004881391665549e-6,249695.28487936576
A4BCD,4,1105,12650,1.0772879631258547,0.006859998865053,2048,3.3496088208266884e-6,298542.32344456227
A4BCD,4,1105,12650,1.0642645850311965,0.0133974172070156,4096,3.2708538103065622e-6,305730.57005756994
A4BCD,4,1105,12650,1.0710026200395075,0.0271415505239274,8192,3.313177554190361e-6,301825.055749048
A4BCD,4,1105,12650,1.09598751203157,0.0546129846409894,16384,3.3333120508416414e-6,300001.9154364819
A4BCD,5,4672,65780,1.721124819945544,0.0000666030840948,1,0.0000666030840948,15014.319735949552
A4BCD,5,4672,65780,1.2864672599826008,0.0004807664330583,2,0.0002403832165291,4160.024208173958
A4BCD,5,4672,65780,1.2957137450575829,0.0005183430449105,4,0.0001295857612276,7716.897215607562
A4BCD,5,4672,65780,1.3153697589877993,0.0005376380800735,8,0.0000672047600091,14879.898386115105
A4BCD,5,4672,65780,1.296633749967441,0.0007106017367914,16,0.0000444126085494,22516.128474783254
A4BCD,5,4672,65780,1.3320734770968556,0.0010463983921799,32,0.0000326999497556,30581.08674396357
A4BCD,5,4672,65780,1.3234261630568651,0.0018575735648628,64,0.0000290245869509,34453.54801047996
A4BCD,5,4672,65780,1.3445708341896534,0.0037052933529485,128,0.0000289476043199,34545.173028781515
A4BCD,5,4672,65780,1.3131768461316824,0.0046828412108588,256,0.0000182923484799,54667.66616095576
A4BCD,5,4672,65780,1.3544589038938284,0.0089440927610266,512,0.0000174689311738,57244.48680038369
A4BCD,5,4672,65780,1.3743460490368309,0.0175906310940627,1024,0.0000171783506777,58212.80626740145
A4BCD,5,4672,65780,1.416292255977169,0.03522490804689,2048,0.0000171996621322,58140.676968518426
A4BCD,5,4672,65780,2.5422435549553484,0.070600838546874,4096,0.0000172365328483,58016.30808224103
A4BCD,5,4672,65780,2.5767782309558243,0.1782641419251449,8192,0.0000217607595123,45954.278362049445
A4BCD,5,4672,65780,2.685844614170492,0.4269999695511069,16384,0.0000260620098602,38370.026155327454
A4BCD,6,18225,296010,4.511180450906977,0.0003016236769035,1,0.0003016236769035,3315.38959496135
A4BCD,6,18225,296010,3.937114992877469,0.0013925854067783,2,0.0006962927033891,1436.1776234800695
A4BCD,6,18225,296010,3.915518556954339,0.0016023181690834,4,0.0004005795422708,2496.3831011715165
A4BCD,6,18225,296010,3.9233051990158856,0.0019935607549268,8,0.0002491950943658,4012.920087952597
A4BCD,6,18225,296010,4.144670506939292,0.002520801289007,16,0.0001575500805629,6347.188122195195
A4BCD,6,18225,296010,3.952160580083728,0.0038715438758954,32,0.0001209857461217,8265.436483681537
A4BCD,6,18225,296010,3.946305711986497,0.0051575313650537,64,0.0000805864275789,12409.037477435348
A4BCD,6,18225,296010,3.952123926021159,0.0095873881850857,128,0.0000749014701959,13350.872785053029
A4BCD,6,18225,296010,4.050212575122714,0.0197468600750435,256,0.0000771361721681,12964.086392830526
A4BCD,6,18225,296010,3.9686063388362527,0.039622733670054,512,0.0000773881516993,12921.874706160375
A4BCD,6,18225,296010,4.0241188569925725,0.0795296585990581,1024,0.0000776656822256,12875.699682836646
A4BCD,6,18225,296010,4.117329016095027,0.2113080083651002,2048,0.0001031777384595,9692.013169995163
A4BCD,6,18225,296010,4.244500698056072,0.504000331541989,4096,0.0001230469559428,8126.9787808835135
A4BCD,7,32912,577902,6.826424359111115,0.0005168994890991,1,0.0005168994890991,1934.6120882084367
A4BCD,7,32912,577902,5.768627920886502,0.002629320193082,2,0.001314660096541,760.6528886295876
A4BCD,7,32912,577902,5.7705360010731965,0.0030044627420138,4,0.0007511156855034,1331.3528385839943
A4BCD,7,32912,577902,5.772117293905467,0.0035651307548396,8,0.0004456413443549,2243.956968237443
A4BCD,7,32912,577902,5.77550474088639,0.0048875514520332,16,0.000305471965752,3273.622826690448
A4BCD,7,32912,577902,5.8202853058464825,0.0054193387641571,32,0.0001693543363799,5904.779419150569
A4BCD,7,32912,577902,5.786462165880948,0.0094699359759688,64,0.0001479677496245,6758.22942862635
A4BCD,7,32912,577902,5.797305258922279,0.0192639160479884,128,0.0001504993441249,6644.547229189456
A4BCD,7,32912,577902,5.805961844045669,0.0387238562619313,256,0.0001512650635231,6610.91184381005
A4BCD,7,32912,577902,5.83977797604166,0.0776252465541474,512,0.000151611809676,6595.792254815637
A4BCD,7,32912,577902,5.900879817083478,0.2002028817918617,1024,0.0001955106267498,5114.811489399978
A4BCD,7,32912,577902,6.107360780006275,0.5136780827760231,2048,0.0002508193763554,3986.93280611114
A5B2C,4,697,35960,1.3241691559087485,0.0000595964991953,1,0.0000595964991953,16779.509090334082
A5B2C,4,697,35960,1.1077928349841386,0.0003420278429985,2,0.0001710139214992,5847.477159947895
A5B2C,4,697,35960,1.0993369622156024,0.0003910826789215,4,0.0000977706697303,10228.016262522042
A5B2C,4,697,35960,1.1047453270293772,0.0004778994701337,8,0.0000597374337667,16739.922305755554
A5B2C,4,697,35960,1.1207576878368857,0.0004727289120201,16,0.0000295455570012,33846.036477074245
A5B2C,4,697,35960,1.146758290939033,0.0006461395469959,32,0.0000201918608436,49524.90549258853
A5B2C,4,697,35960,1.1036871299147606,0.0010933219408616,64,0.0000170831553259,58537.19532012855
A5B2C,4,697,35960,1.1094020039308816,0.0019575654591899,128,0.0000152934801499,65387.34089278828
A5B2C,4,697,35960,1.1199584999121726,0.0036571709080599,256,0.0000142858238596,69999.46309203368
A5B2C,4,697,35960,1.1274192279670388,0.0050030697828624,512,9.771620669653202e-6,102337.16942222342
A5B2C,4,697,35960,1.1598347171675414,0.0094688938478939,1024,9.24696664833391e-6,108143.57161979996
A5B2C,4,697,35960,1.1898691849783063,0.0190779294660314,2048,9.31539524708569e-6,107349.1755825228
A5B2C,4,697,35960,1.2516920790076256,0.0383801005640998,4096,9.37014173928219e-6,106721.971537285
A5B2C,4,697,35960,1.264370318967849,0.0772102046310901,8192,9.425073807506124e-6,106099.9648834156
A5B2C,4,697,35960,1.3291033538989725,0.1555863377689384,16384,9.496236436092432e-6,105304.87596110086
A5B2C,5,3060,237336,3.3241389030590653,0.0003206082459073,1,0.0003206082459073,3119.071367518656
A5B2C,5,3060,237336,2.817193870898336,0.0012101513668894,2,0.0006050756834447,1652.6858166021973
A5B2C,5,3060,237336,2.84719956596382,0.0012989374608732,4,0.0003247343652183,3079.440019622499
A5B2C,5,3060,237336,2.8250320919323717,0.0016194101700093,8,0.0002024262712511,4940.070247893876
A5B2C,5,3060,237336,2.823595194844529,0.0021831414189655,16,0.0001364463386853,7328.888481984594
A5B2C,5,3060,237336,2.8472713860683143,0.0034083743528462,32,0.0001065116985264,9388.640063341974
A5B2C,5,3060,237336,2.8600048169028014,0.0048432800031732,64,0.0000756762500495,13214.185419399197
A5B2C,5,3060,237336,2.84085413813591,0.0080225580870173,128,0.0000626762350548,15955.010685075342
A5B2C,5,3060,237336,2.88100375700742,0.0156825682669878,256,0.0000612600322929,16323.85688630391
A5B2C,5,3060,237336,2.887695560930297,0.0316257894439622,512,0.0000617691200077,16189.319191769508
A5B2C,5,3060,237336,2.977887136861682,0.0631982729751616,1024,0.0000617170634523,16202.974413595995
A5B2C,5,3060,237336,3.039657210931182,0.128005246939836,2048,0.0000625025619823,15999.344159404523
A5B2C,5,3060,237336,3.120354468934238,0.4122479401819873,4096,0.0001006464697709,9935.76826167237
A5B2C,6,12925,1344904,13.404707106994463,0.0015018326258286,1,0.0015018326258286,665.8531602003376
A5B2C,6,12925,1344904,12.196185930864884,0.0060524613768793,2,0.0030262306884396,330.44407480898224
A5B2C,6,12925,1344904,12.203822918003423,0.0065196677658241,4,0.001629916941456,613.5281955574276
A5B2C,6,12925,1344904,12.231911746086553,0.006872729249997,8,0.0008590911562496,1164.0208291347162
A5B2C,6,12925,1344904,12.234972436912358,0.0085262360740453,16,0.0005328897546278,1876.5607544817544
A5B2C,6,12925,1344904,12.268842773977669,0.0113644633849617,32,0.00035513948078,2815.795072413603
A5B2C,6,12925,1344904,12.340613768901676,0.0223777978850994,64,0.0003496530919546,2859.977569223436
A5B2C,6,12925,1344904,12.256907603004947,0.0447776108910329,128,0.0003498250850861,2858.571447938347
A5B2C,6,12925,1344904,12.573639607988298,0.0897849433277733,256,0.0003507224348741,2851.2575774028583
A5B2C,6,12925,1344904,12.411067581968382,0.2425361283768434,512,0.000473703375736,2111.0256992495315
A5B2C,6,12925,1344904,12.523750172927976,0.5894318232629449,1024,0.0005756170149052,1737.2662275535042
A5B2C,7,52210,6724520,57.59090493596159,0.0071049896611366,1,0.0071049896611366,140.7461583610555
A5B2C,7,52210,6724520,57.17159386794083,0.0282509965030476,2,0.0141254982515238,70.79396295929756
A5B2C,7,52210,6724520,57.01941223000176,0.0290009027889464,4,0.0072502256972366,137.9267407332087
A5B2C,7,52210,6724520,57.15427683689632,0.0308304974678903,8,0.0038538121834862,259.4833251825376
A5B2C,7,52210,6724520,57.58935974817723,0.033889237731928,16,0.0021180773582455,472.1262876009144
A5B2C,7,52210,6724520,57.05736363795586,0.0559571274330373,32,0.0017486602322824,571.8663817811889
A5B2C,7,52210,6724520,57.22181241912767,0.1500200781840831,64,0.0023440637216262,426.60956303107895
A5B2C,7,52210,6724520,57.274421009933576,0.3733840533939656,128,0.0029170629171403,342.81056953694923
A5BC,4,355,12650,1.0720003100577742,0.0000515960520133,1,0.0000515960520133,19381.32785317565
A5BC,4,355,12650,0.925817031878978,0.0002084120451472,2,0.0001042060225736,9596.374329452708
A5BC,4,355,12650,0.930187005084008,0.0002172507019713,4,0.0000543126754928,18411.908287078688
A5BC,4,355,12650,0.9313289360143244,0.0002222619908861,8,0.0000277827488607,35993.55862917979
A5BC,4,355,12650,0.9694434700068086,0.0002649910110048,16,0.0000165619381878,60379.40660449212
A5BC,4,355,12650,0.957293265964836,0.0003197620711289,32,9.992564722779207e-6,100074.40809669056
A5BC,4,355,12650,0.9365103289019316,0.0005098570380359,64,7.966516219312325e-6,125525.38304959612
A5BC,4,355,12650,0.9786040151957422,0.0009193741821218,128,7.182610797826783e-6,139225.14085025553
A5BC,4,355,12650,0.9595385901629924,0.0016349856690503,256,6.386662769727991e-6,156576.29595535857
A5BC,4,355,12650,0.9752646808046848,0.0030690745150204,512,5.994286162149365e-6,166825.53567670032
A5BC,4,355,12650,0.969509260961786,0.003156979362946,1024,3.082987659126957e-6,324360.6885806286
A5BC,4,355,12650,1.0361084099859,0.0068458226670045,2048,3.342686849123311e-6,299160.5391519911
A5BC,4,355,12650,1.0461590881459415,0.0133753317538648,4096,3.265461853970919e-6,306235.394783119
A5BC,4,355,12650,1.0373615119606256,0.0270651348989922,8192,3.3038494749746407e-6,302677.2277534453
A5BC,4,355,12650,1.0567901670001447,0.05414813576499,16384,3.304939927062378e-6,302577.3605781869
A5BC,5,1332,65780,1.7122121809516102,0.0000672150750178,1,0.0000672150750178,14877.614876334264
A5BC,5,1332,65780,1.2587830838747325,0.0004774020600598,2,0.0002387010300299,4189.340950370741
A5BC,5,1332,65780,1.272724371170625,0.0005164593539666,4,0.0001291148384916,7745.043185447632
A5BC,5,1332,65780,1.3008033339865506,0.0005385555969551,8,0.0000673194496193,14854.548063803084
A5BC,5,1332,65780,1.2945815280545503,0.0007145078589674,16,0.0000446567411854,22393.035708694453
A5BC,5,1332,65780,1.2935319601092488,0.0010615516449324,32,0.0000331734889041,30144.553166827223
A5BC,5,1332,65780,1.2943193139508369,0.0018536080210469,64,0.0000289626253288,34527.256719493
A5BC,5,1332,65780,1.3050372370053085,0.0036998609709553,128,0.0000289051638355,34595.89454977523
A5BC,5,1332,65780,1.3138295840471983,0.0046677302909083,256,0.0000182333214488,54844.642694679125
A5BC,5,1332,65780,1.3443970440421251,0.0089107592687942,512,0.0000174038266968,57458.62777294882
A5BC,5,1332,65780,1.3391989758238196,0.0175573751118499,1024,0.0000171458741326,58323.0689938881
A5BC,5,1332,65780,1.417146170977503,0.035071540006902,2048,0.0000171247753939,58394.92647305919
A5BC,5,1332,65780,1.4125528729055077,0.0700491898620966,4096,0.0000171018529936,58473.195879404855
A5BC,5,1332,65780,1.4794497161637992,0.1764807821740396,8192,0.0000215430642302,46418.65192959829
A5BC,5,1332,65780,1.574566398980096,0.422075899627991,16384,0.0000257614684831,38817.66292375499
A5BC,6,4756,296010,3.383646836038679,0.0002985313329845,1,0.0002985313329845,3349.732137000499
A5BC,6,4756,296010,2.840942116919905,0.0013976228721439,2,0.0006988114360719,1431.0011948587794
A5BC,6,4756,296010,2.8594451330136508,0.0016015932071022,4,0.0004003983017755,2497.513090254123
A5BC,6,4756,296010,2.8350808459799737,0.0019874714219477,8,0.0002484339277434,4025.215110846765
A5BC,6,4756,296010,2.8537526361178607,0.0025218152750749,16,0.0001576134546921,6344.636008093296
A5BC,6,4756,296010,2.85137762199156,0.0038542198720388,32,0.0001204443710012,8302.588088487175
A5BC,6,4756,296010,2.870283611118793,0.0051477420539595,64,0.0000804334695931,12432.635382492164
A5BC,6,4756,296010,2.89632815704681,0.0095843223971314,128,0.0000748775187275,13355.143399423792
A5BC,6,4756,296010,2.8899943272117525,0.019737157579977,256,0.0000770982717967,12970.459346167792
A5BC,6,4756,296010,2.9238810520619154,0.0394307119490113,512,0.0000770131092754,12984.80232013254
A5BC,6,4756,296010,2.98507398320362,0.0789187494760844,1024,0.0000770690912852,12975.370324517276
A5BC,6,4756,296010,3.050071297911927,0.2109880594131536,2048,0.0001030215133853,9706.710444640075
A5BC,6,4756,296010,3.1396449508611117,0.5011477704488206,4096,0.0001223505298947,8173.237997909643
A5BC,7,16117,1184040,9.830200470983982,0.0010493751119356,1,0.0010493751119356,952.9480817926168
A5BC,7,16117,1184040,8.542807774152607,0.0053235862520523,2,0.0026617931260261,375.6865964609786
A5BC,7,16117,1184040,8.558041813084856,0.0058584760939702,4,0.0014646190234925,682.7714128793575
A5BC,7,16117,1184040,8.543046080041677,0.0061455987449735,8,0.0007681998431216,1301.74460324849
A5BC,7,16117,1184040,8.562449490884319,0.0066418047288898,16,0.0004151127955556,2408.9838008041474
A5BC,7,16117,1184040,8.604055084986612,0.0100197507799603,32,0.0003131172118737,3193.692208792321
A5BC,7,16117,1184040,8.60994781088084,0.0197550249309279,64,0.0003086722645457,3239.6820669055915
A5BC,7,16117,1184040,8.617084841011092,0.0394130139639601,128,0.0003079141715934,3247.658251080348
A5BC,7,16117,1184040,8.636718632886186,0.0788833209059666,256,0.0003081379722889,3245.299475983856
A5BC,7,16117,1184040,8.68785174493678,0.2070020358879119,512,0.0004043008513435,2473.4056252337505
A5BC,7,16117,1184040,8.81540163885802,0.4969469297099858,1024,0.0004852997360449,2060.582204618103
A6B2C,4,712,91390,2.1660877279937267,0.0001987489920575,1,0.0001987489920575,5031.472057531763
A6B2C,4,712,91390,1.787680567940697,0.0008282137478236,2,0.0004141068739118,2414.8355484989493
A6B2C,4,712,91390,1.8185077039524915,0.0008869742769747,4,0.0002217435692436,4509.713645408971
A6B2C,4,712,91390,1.824291525874287,0.0009477993720211,8,0.0001184749215026,8440.604874996508
A6B2C,4,712,91390,1.8276807439979168,0.0011944620150607,16,0.0000746538759412,13395.151790730495
A6B2C,4,712,91390,1.854126533959061,0.0016655817439313,32,0.0000520494294978,19212.50645103013
A6B2C,4,712,91390,1.824988276930526,0.0027124213369097,64,0.0000423815833892,23595.154310692295
A6B2C,4,712,91390,1.8055173009634016,0.0054519180259667,128,0.0000425931095778,23477.97589588721
A6B2C,4,712,91390,1.8495906630996612,0.0075079745410475,256,0.0000293280255509,34097.07885933778
A6B2C,4,712,91390,1.8665496380999684,0.0123560790070332,512,0.0000241329668106,41437.09341034176
A6B2C,4,712,91390,1.8651155491825195,0.0243839506839867,1024,0.0000238124518398,41994.83558964352
A6B2C,4,712,91390,1.954618533840403,0.0487072128709405,2048,0.0000237828187846,42047.16055970155
A6B2C,4,712,91390,2.041135564213618,0.0978580622188746,4096,0.0000238911284714,41856.54106698601
A6B2C,4,712,91390,2.134207912022248,0.1977388659589924,8192,0.000024138045161,41428.37555111133
A6B2C,4,712,91390,2.307782829040661,0.7232348848851398,16384,0.0000441427542044,22653.77451006393
A6B2C,5,3234,749398,9.72669279598631,0.0013625205399002,1,0.0013625205399002,733.9338899604273
A6B2C,5,3234,749398,8.862088136840612,0.005515325580025,2,0.0027576627900125,362.62591772341045
A6B2C,5,3234,749398,8.826170197920874,0.0059554505608975,4,0.0014888626402243,671.6536320968352
A6B2C,5,3234,749398,8.844177132006735,0.0064830714149866,8,0.0008103839268733,1233.9830132839134
A6B2C,5,3234,749398,8.870212679030374,0.0068624975190032,16,0.0004289060949377,2331.5126826193723
A6B2C,5,3234,749398,8.863822546089068,0.0088134550899267,32,0.0002754204715602,3630.812169971137
A6B2C,5,3234,749398,8.879934502998367,0.0154290439100004,64,0.0002410788110937,4148.02111999421
A6B2C,5,3234,749398,9.442981912987308,0.0290010230490006,128,0.0002265704925703,4413.637401126467
A6B2C,5,3234,749398,8.930598018923774,0.0553997142359148,256,0.000216405133734,4620.962463991172
A6B2C,5,3234,749398,9.033877910813317,0.1015308665670454,512,0.0001983024737637,5042.801438731965
A6B2C,5,3234,749398,9.164153818972409,0.3804684313661419,1024,0.0003715512025059,2691.419091784145
A6B2C,6,14483,5245786,56.19837427791208,0.0095198636418208,1,0.0095198636418208,105.04352138059949
A6B2C,6,14483,5245786,55.70294091501273,0.0372747556229587,2,0.0186373778114793,53.6556166921758
A6B2C,6,14483,5245786,55.956886183004826,0.0378712236951105,4,0.0094678059237776,105.62109194576756
A6B2C,6,14483,5245786,55.79962820094079,0.0398043492441065,8,0.0049755436555133,200.98306220103524
A6B2C,6,14483,5245786,55.76317905099131,0.0428031768898945,16,0.0026751985556184,373.8040295737363
A6B2C,6,14483,5245786,55.744523930130526,0.0495131926150061,32,0.0015472872692189,646.2923982466374
A6B2C,6,14483,5245786,55.85966472886503,0.0973828673651441,64,0.0015216073025803,657.1997901851391
A6B2C,6,14483,5245786,55.92310045915656,0.3673951741410419,128,0.0028702747979768,348.3986971229545
A6B2C,6,14483,5245786,56.11616898421198,0.707006495921174,256,0.002761744124692,362.0900253065597
